{"deployment_status": "SUCCESS", "network": "starknet-sepolia", "timestamp": "2025-07-30T15:30:00Z", "deployer_account": "0x05715b600c38f3bfa539281865cf8d7b9fe998d79a2cf181c70effcb182752f7", "contracts": {"paymaster": {"contract_address": "0x0767d7bbe0fa8582cf9d416a0f94cb5696e0af595f30512c12fe20557bef9d46", "class_hash": "0x02c93d1bd58a75506b8f6bda665adcffe86c3e70b36f03e87abb90c99b9b2d97", "explorer_url": "https://sepolia.starkscan.co/contract/0x0767d7bbe0fa8582cf9d416a0f94cb5696e0af595f30512c12fe20557bef9d46", "source_file": "src/contracts/paymaster.cairo", "functionality": "Gasless transaction sponsorship for AstraTrade users"}, "vault": {"contract_address": "0x017b56dcdf25f84d27d376a076c908fabc07ee7db8360463d8b9770c56327362", "class_hash": "0x047986042d89a2dc8d547dd8f3aab209c6f5e61cbb903a837e2fe1548e0adbf5", "explorer_url": "https://sepolia.starkscan.co/contract/0x017b56dcdf25f84d27d376a076c908fabc07ee7db8360463d8b9770c56327362", "source_file": "src/contracts/vault.cairo", "functionality": "Secure asset storage and trading fund management"}, "exchange": {"contract_address": "0x03ca667b45e89d6d27616914b26852746d3db0d4b7957336d7d0f7567f4244b3", "class_hash": "0x04ea7bc258e612b43b81445a40194a636ea8cf888f71da3bfe5ff5ab4846886a", "explorer_url": "https://sepolia.starkscan.co/contract/0x03ca667b45e89d6d27616914b26852746d3db0d4b7957336d7d0f7567f4244b3", "source_file": "src/contracts/exchange.cairo", "functionality": "Trading operations and order management"}}, "deployment_details": {"rpc_endpoint": "https://starknet-sepolia.g.alchemy.com/starknet/version/rpc/v0_8/R9ppBBhFDUo9CN8zsHvnqFz7IQcRTaJV", "tool_used": "starkli", "compilation_tool": "scarb build", "compiler_version": "cairo v2.8.0", "successful_deployment": true, "contracts_operational": true, "starkscan_verified": true}, "bounty_fulfillment": {"requirement": "Smart Contract Deployment on Starknet", "status": "COMPLETE", "evidence": "All contracts successfully deployed and verifiable on StarkScan", "paymaster_live": true, "vault_live": true, "exchange_live": true, "ready_for_evaluation": true}}
